Workbook

Sheet Export Worksheet
A1: BOOKING_DATE | B1: BANK_REFERENCE | C1: DESCRIPTION | D1: INVOICE | E1: VALUE_DATE | F1: DEBIT | G1: CREDIT | H1: CLOSING_BALANCE
A2: 2026-07-22 | B2: FT26203X83VX | C2: SZS00LM9ABD0 | D2: =VLOOKUP(C2,SQL!C2:D99,2,FALSE) -> 886203135821 | E2: 22-JUL-26 | F2: 0 | G2: 500 | H2: 537500
A3: 2026-07-22 | B3: FT26203M8W1J | C3: SZ400LR0VQJY | D3: =VLOOKUP(C3,SQL!C3:D100,2,FALSE) -> 886203681601 | E3: 22-JUL-26 | F3: 0 | G3: 18000 | H3: 555500
A4: 2026-07-22 | B4: FT2620360GXW | C4: SZE00LS5XMAX | D4: =VLOOKUP(C4,SQL!C4:D101,2,FALSE) -> 886203649777 | E4: 22-JUL-26 | F4: 0 | G4: 10000 | H4: 565500
A5: 2026-07-22 | B5: FT26203Q85CX | C5: SZ700LL3Q1KC | D5: =VLOOKUP(C5,SQL!C5:D102,2,FALSE) -> 886203958617 | E5: 22-JUL-26 | F5: 0 | G5: 20000 | H5: 50500
A6: 2026-07-22 | B6: FT2620309DLZ | C6: 20144649841 | D6: 886203343724 | E6: 22-JUL-26 | F6: 0 | G6: 10000 | H6: 60500
A7: 2026-07-22 | B7: FT262031K77D | C7: SZL00LSES847 | D7: =VLOOKUP(C7,SQL!C7:D104,2,FALSE) -> 886203291562 | E7: 22-JUL-26 | F7: 0 | G7: 24000 | H7: 84500
A8: 2026-07-22 | B8: FT262032TD10 | C8: SZW00LGPX9WU | D8: =VLOOKUP(C8,SQL!C8:D105,2,FALSE) -> 886203694311 | E8: 22-JUL-26 | F8: 0 | G8: 15000 | H8: 99500
A9: 2026-07-22 | B9: FT26203Z9J7J | C9: SZR00LHC6U89 | D9: =VLOOKUP(C9,SQL!C9:D106,2,FALSE) -> 886203511487 | E9: 22-JUL-26 | F9: 0 | G9: 500 | H9: 100000
A10: 2026-07-22 | B10: FT26203GK1ZH | C10: SZR00LNCLLW3 | D10: =VLOOKUP(C10,SQL!C10:D107,2,FALSE) -> 886203511786 | E10: 22-JUL-26 | F10: 0 | G10: 3000 | H10: 103000
A11: 2026-07-22 | B11: FT26203Z3HQF | C11: SZQ00LYZU7F6 | D11: =VLOOKUP(C11,SQL!C11:D108,2,FALSE) -> 886203900186 | E11: 22-JUL-26 | F11: 0 | G11: 50000 | H11: 153000
A12: 2026-07-22 | B12: FT26203M4W09 | C12: SZ100LAVE88X | D12: =VLOOKUP(C12,SQL!C12:D109,2,FALSE) -> 886203295094 | E12: 22-JUL-26 | F12: 0 | G12: 5000 | H12: 158000
A13: 2026-07-22 | B13: FT26203LH1DK | C13: SZL00LMNK9SJ | D13: =VLOOKUP(C13,SQL!C13:D110,2,FALSE) -> 886203954518 | E13: 22-JUL-26 | F13: 0 | G13: 500 | H13: 158500
A14: 2026-07-22 | B14: FT26203Y9CCF | C14: SZM00LJRCLE1 | D14: =VLOOKUP(C14,SQL!C14:D111,2,FALSE) -> 886203273252 | E14: 22-JUL-26 | F14: 0 | G14: 500 | H14: 159000
A15: 2026-07-22 | B15: FT262039H3ZT | C15: SZS00LT8QU7Z | D15: =VLOOKUP(C15,SQL!C15:D112,2,FALSE) -> 886203673200 | E15: 22-JUL-26 | F15: 0 | G15: 500 | H15: 159500
A16: 2026-07-22 | B16: FT26203C1Q4N | C16: SZ900LLHBCV8 | D16: =VLOOKUP(C16,SQL!C16:D113,2,FALSE) -> 886203984153 | E16: 22-JUL-26 | F16: 0 | G16: 500 | H16: 160000
A17: 2026-07-22 | B17: FT262039PC72 | D17: 886051822939 | E17: 22-JUL-26 | F17: 0 | G17: 8820900 | H17: 8980900
A18: 2026-07-22 | B18: FT26203MSNNR | C18: SZD00LN2P4UC | D18: =VLOOKUP(C18,SQL!C18:D115,2,FALSE) -> 886203704871 | E18: 22-JUL-26 | F18: 0 | G18: 500 | H18: 8981400
A19: 2026-07-22 | B19: FT262030LZWX | C19: SZP00LJX0L4B | D19: =VLOOKUP(C19,SQL!C19:D116,2,FALSE) -> 886203631950 | E19: 22-JUL-26 | F19: 0 | G19: 500 | H19: 8981900
A20: 2026-07-22 | B20: FT26203MN8MP | C20: SZ800LN7UJM8 | D20: =VLOOKUP(C20,SQL!C20:D117,2,FALSE) -> 886203703862 | E20: 22-JUL-26 | F20: 0 | G20: 500 | H20: 8982400
A21: 2026-07-22 | B21: FT26203VXV6C | C21: SZV00LLNDGGR | D21: =VLOOKUP(C21,SQL!C21:D118,2,FALSE) -> 886203503239 | E21: 22-JUL-26 | F21: 0 | G21: 500 | H21: 8982900
A22: 2026-07-22 | B22: FT26203CVPK7 | C22: SZJ00LVD33GH | D22: =VLOOKUP(C22,SQL!C22:D119,2,FALSE) -> 886203386307 | E22: 22-JUL-26 | F22: 0 | G22: 20000 | H22: 9002900
A23: 2026-07-22 | B23: FT26203MMJDJ | C23: SZC00L43GNDH | D23: =VLOOKUP(C23,SQL!C23:D120,2,FALSE) -> 886203888565 | E23: 22-JUL-26 | F23: 0 | G23: 10000 | H23: 9012900
A24: 2026-07-22 | B24: FT26203Z0P3M | D24: 886049928121 | E24: 22-JUL-26 | F24: 0 | G24: 2205220 | H24: 11218120
A25: 2026-07-22 | B25: FT262032P6PP | C25: SZ500LUE9ZDC | D25: 886203888388 | E25: 22-JUL-26 | F25: 0 | G25: 500 | H25: 11218620
A26: 2026-07-22 | B26: FT26203TK4VC | C26: 20144648712 | D26: 886203689644 | E26: 22-JUL-26 | F26: 0 | G26: 10000 | H26: 11228620
A27: 2026-07-22 | B27: FT262030NXNZ | C27: 20144650027 | D27: 886203812051 | E27: 22-JUL-26 | F27: 0 | G27: 12000 | H27: 11240620
A28: 2026-07-22 | B28: FT26203HQTQR | C28: SZX00LL0751E | D28: =VLOOKUP(C28,SQL!C28:D125,2,FALSE) -> 886203046576 | E28: 22-JUL-26 | F28: 0 | G28: 500 | H28: 11241120
A29: 2026-07-22 | B29: FT26203Z13MN | C29: SZ100LUH3DS8 | D29: 886203469316 | E29: 22-JUL-26 | F29: 0 | G29: 500 | H29: 11241620
A30: 2026-07-22 | B30: FT26203LKQDL | C30: SZD00LG1TKBS | D30: =VLOOKUP(C30,SQL!C30:D127,2,FALSE) -> 886203360693 | E30: 22-JUL-26 | F30: 0 | G30: 500 | H30: 11242120
A31: 2026-07-22 | B31: FT26203HX06Q | C31: SZN00LHWQXZ5 | D31: =VLOOKUP(C31,SQL!C31:D128,2,FALSE) -> 886203148656 | E31: 22-JUL-26 | F31: 0 | G31: 500 | H31: 11242620
A32: 2026-07-22 | B32: FT26203CJH67 | C32: SZW00LSSG22B | D32: =VLOOKUP(C32,SQL!C32:D129,2,FALSE) -> 886203288290 | E32: 22-JUL-26 | F32: 0 | G32: 15000 | H32: 11257620
A33: 2026-07-22 | B33: FT26203QNYPP | C33: 20144640172 | D33: 886203178933 | E33: 22-JUL-26 | F33: 0 | G33: 12000 | H33: 11269620
A34: 2026-07-22 | B34: FT26203RF70C | C34: SZV00LTSR1Z5 | D34: =VLOOKUP(C34,SQL!C34:D131,2,FALSE) -> 886203422542 | E34: 22-JUL-26 | F34: 0 | G34: 24000 | H34: 11293620
A35: 2026-07-22 | B35: FT26203X2BZY | C35: SZG00LLDAAZ2 | D35: =VLOOKUP(C35,SQL!C35:D132,2,FALSE) -> 886203803396 | E35: 22-JUL-26 | F35: 0 | G35: 20000 | H35: 11313620
A36: 2026-07-22 | B36: FT26203TJ49S | C36: SZH00L3M9A4Q | D36: =VLOOKUP(C36,SQL!C36:D133,2,FALSE) -> 886203817758 | E36: 22-JUL-26 | F36: 0 | G36: 10000 | H36: 11323620
A37: 2026-07-22 | B37: FT262034MCZ5 | C37: SZ800L1QHTZK | D37: 886203731649 | E37: 22-JUL-26 | F37: 0 | G37: 9000 | H37: 11332620
A38: 2026-07-22 | B38: FT26203S2KD4 | C38: SZ900LSZ6C3P | D38: 886203631339 | E38: 22-JUL-26 | F38: 0 | G38: 10000 | H38: 11342620
A39: 2026-07-22 | B39: FT26203GSQKD | C39: SZD00LFQWB2Q | D39: =VLOOKUP(C39,SQL!C39:D136,2,FALSE) -> 886203113199 | E39: 22-JUL-26 | F39: 0 | G39: 12000 | H39: 11354620
A40: 2026-07-22 | B40: FT26203P1J93 | C40: SZJ00LL6CKF9 | D40: =VLOOKUP(C40,SQL!C40:D137,2,FALSE) -> 886203969689 | E40: 22-JUL-26 | F40: 0 | G40: 500 | H40: 11355120
A41: 2026-07-22 | B41: FT26203WHK50 | C41: SZB00LLCUC3Y | D41: 886203738591 | E41: 22-JUL-26 | F41: 0 | G41: 500 | H41: 11355620
A42: 2026-07-22 | B42: FT26203XKRM6 | C42: 20144640999 | D42: 886203997095 | E42: 22-JUL-26 | F42: 0 | G42: 30000 | H42: 11385620
A43: 2026-07-22 | B43: FT26203QDX10 | C43: SZD00LLHXPYZ | D43: =VLOOKUP(C43,SQL!C43:D140,2,FALSE) -> 886203468386 | E43: 22-JUL-26 | F43: 0 | G43: 35000 | H43: 11420620
A44: 2026-07-22 | B44: FT26203FLNFJ | C44: SZK00L050L4L | D44: =VLOOKUP(C44,SQL!C44:D141,2,FALSE) -> 886203844357 | E44: 22-JUL-26 | F44: 0 | G44: 3000 | H44: 11423620
A45: 2026-07-22 | B45: FT26203WZ3TJ | C45: 20144644045 | D45: 886203965800 | E45: 22-JUL-26 | F45: 0 | G45: 10000 | H45: 11433620
A46: 2026-07-22 | B46: FT262030D4TQ | C46: SZM00LLSMC5C | D46: =VLOOKUP(C46,SQL!C46:D143,2,FALSE) -> 886203053561 | E46: 22-JUL-26 | F46: 0 | G46: 30000 | H46: 11463620
A47: 2026-07-22 | B47: FT262038VKVH | C47: SZE00LNZNEUM | D47: =VLOOKUP(C47,SQL!C47:D144,2,FALSE) -> 886203911718 | E47: 22-JUL-26 | F47: 0 | G47: 20000 | H47: 11483620
A48: 2026-07-22 | B48: FT26203TZRK6 | C48: SZ000L8UQFZ6 | D48: 886203945175 | E48: 22-JUL-26 | F48: 0 | G48: 5000 | H48: 11488620
A49: 2026-07-22 | B49: FT26203NR41Y | C49: SZM00LG7DTW6 | D49: =VLOOKUP(C49,SQL!C49:D146,2,FALSE) -> 886203130921 | E49: 22-JUL-26 | F49: 0 | G49: 500 | H49: 11489120
A50: 2026-07-22 | B50: FT262030MT97 | C50: SZ800LNKU659 | D50: 886203904281 | E50: 22-JUL-26 | F50: 0 | G50: 500 | H50: 11489620
A51: 2026-07-22 | B51: FT262036CR6L | C51: SZU00LXG5G7C | D51: =VLOOKUP(C51,SQL!C51:D148,2,FALSE) -> 886203204425 | E51: 22-JUL-26 | F51: 0 | G51: 5000 | H51: 11494620
A52: 2026-07-22 | B52: FT26203V77QC | C52: SZ300L1FANUX | D52: 886203312097 | E52: 22-JUL-26 | F52: 0 | G52: 10000 | H52: 11504620
A53: 2026-07-22 | B53: FT26203D0PR7 | C53: SZH00LMKTKBU | D53: =VLOOKUP(C53,SQL!C53:D150,2,FALSE) -> 886203321194 | E53: 22-JUL-26 | F53: 0 | G53: 500 | H53: 11505120
A54: 2026-07-22 | B54: FT2620345JKZ | C54: SZK00LN80KBE | D54: =VLOOKUP(C54,SQL!C54:D151,2,FALSE) -> 886203736196 | E54: 22-JUL-26 | F54: 0 | G54: 500 | H54: 11505620
A55: 2026-07-22 | B55: FT26203XT15Z | C55: SZ400LU3M25B | D55: 886203625893 | E55: 22-JUL-26 | F55: 0 | G55: 15000 | H55: 11520620
A56: 2026-07-22 | B56: FT26203ZFSM1 | C56: SZ600LDYHA96 | D56: 886203888130 | E56: 22-JUL-26 | F56: 0 | G56: 9000 | H56: 11529620
A57: 2026-07-22 | B57: FT26203ZNT15 | C57: SZK00LJPR3TM | D57: =VLOOKUP(C57,SQL!C57:D154,2,FALSE) -> 886203605506 | E57: 22-JUL-26 | F57: 0 | G57: 500 | H57: 11530120
A58: 2026-07-22 | B58: FT26203R6QB4 | C58: SZ900LTXCVX1 | D58: 886203275264 | E58: 22-JUL-26 | F58: 0 | G58: 20000 | H58: 11550120
A59: 2026-07-22 | B59: FT26203959TL | C59: SZ300LMNVPVF | D59: 886203482653 | E59: 22-JUL-26 | F59: 0 | G59: 3000 | H59: 11553120
A60: 2026-07-22 | B60: FT26203WC3HM | C60: SZP00LBRB1HG | D60: =VLOOKUP(C60,SQL!C60:D157,2,FALSE) -> 886203775515 | E60: 22-JUL-26 | F60: 0 | G60: 3000 | H60: 11556120
A61: 2026-07-22 | B61: FT262037G12R | C61: SZF00LG4TJYQ | D61: 886203738536 | E61: 22-JUL-26 | F61: 0 | G61: 15000 | H61: 11571120
A62: 2026-07-22 | B62: FT26203BH5BB | C62: SZX00LL9GHBF | D62: =VLOOKUP(C62,SQL!C62:D159,2,FALSE) -> 886203036575 | E62: 22-JUL-26 | F62: 0 | G62: 15000 | H62: 11586120
A63: 2026-07-22 | B63: FT26203HCKDT | C63: SZA00L86KPFY | D63: 886203268078 | E63: 22-JUL-26 | F63: 0 | G63: 40000 | H63: 11626120
A64: 2026-07-22 | B64: FT26203716QP | C64: SZR00LT6XF0A | D64: =VLOOKUP(C64,SQL!C64:D161,2,FALSE) -> 886203436255 | E64: 22-JUL-26 | F64: 0 | G64: 500 | H64: 11626620
A65: 2026-07-22 | B65: FT262035PRV7 | C65: SZP00L218CE2 | D65: =VLOOKUP(C65,SQL!C65:D162,2,FALSE) -> 886203634480 | E65: 22-JUL-26 | F65: 0 | G65: 500 | H65: 11627120
A66: 2026-07-22 | B66: FT26203WJNYT | C66: SZ800LUCJXYG | D66: 886203799276 | E66: 22-JUL-26 | F66: 0 | G66: 500 | H66: 11627620
A67: 2026-07-22 | B67: FT2620314PDB | C67: 20144641068 | D67: 886203215338 | E67: 22-JUL-26 | F67: 0 | G67: 30000 | H67: 11657620
A68: 2026-07-22 | B68: FT262035YTQP | C68: SZN00LVN4DBG | D68: =VLOOKUP(C68,SQL!C68:D165,2,FALSE) -> 886203023859 | E68: 22-JUL-26 | F68: 0 | G68: 22000 | H68: 11679620
A69: 2026-07-22 | B69: FT26203ZXKY5 | C69: SZ200LEAQ9AL | D69: 886203539955 | E69: 22-JUL-26 | F69: 0 | G69: 500 | H69: 11680120
A70: 2026-07-22 | B70: FT2620388HQH | C70: SZN00LG0DKDU | D70: =VLOOKUP(C70,SQL!C70:D167,2,FALSE) -> 886203349235 | E70: 22-JUL-26 | F70: 0 | G70: 500 | H70: 11680620
A71: 2026-07-22 | B71: FT262036ZMV8 | C71: SZE00L6G6W9F | D71: 886203549395 | E71: 22-JUL-26 | F71: 0 | G71: 12000 | H71: 11692620
A72: 2026-07-22 | B72: FT2620391774 | C72: SZX00LCV5XVZ | D72: =VLOOKUP(C72,SQL!C72:D169,2,FALSE) -> 886203923701 | E72: 22-JUL-26 | F72: 0 | G72: 20000 | H72: 11712620
A73: 2026-07-22 | B73: FT2620393DXV | C73: SZJ00LCH125Q | D73: 886203232347 | E73: 22-JUL-26 | F73: 0 | G73: 1500 | H73: 11714120
A74: 2026-07-22 | B74: FT26203SW2ZG | C74: SZK00LU2LNXX | D74: 886203326550 | E74: 22-JUL-26 | F74: 0 | G74: 500 | H74: 11714620
A75: 2026-07-22 | B75: FT26203W8SL4 | C75: SZ900LLHUZAG | D75: 886203055786 | E75: 22-JUL-26 | F75: 0 | G75: 500 | H75: 11715120
A76: 2026-07-22 | B76: FT26203T4XZV | C76: SZ300LPEAE5S | D76: 886203484381 | E76: 22-JUL-26 | F76: 0 | G76: 500 | H76: 11715620
A77: 2026-07-22 | B77: FT26203HQ9T6 | C77: 20144640975 | D77: 886203802456 | E77: 22-JUL-26 | F77: 0 | G77: 18000 | H77: 11733620
A78: 2026-07-22 | B78: FT26203FR4ZB | C78: SZF00LJH1FP0 | D78: 886203061326 | E78: 22-JUL-26 | F78: 0 | G78: 20000 | H78: 11753620
A79: 2026-07-22 | B79: FT26203YYDT1 | C79: 20144640086 | D79: 886203609120 | E79: 22-JUL-26 | F79: 0 | G79: 4000 | H79: 11757620
A80: 2026-07-22 | B80: FT26203GVTYR | C80: SZL00LUZL9HU | D80: 886203560311 | E80: 22-JUL-26 | F80: 0 | G80: 500 | H80: 11758120
A81: 2026-07-22 | B81: FT26203G7Y1B | C81: SZC00LW28CCY | D81: 886203254515 | E81: 22-JUL-26 | F81: 0 | G81: 25000 | H81: 11783120
A82: 2026-07-22 | B82: FT262039ZVHD | C82: SZ500LCK3KRV | D82: 886203607169 | E82: 22-JUL-26 | F82: 0 | G82: 25000 | H82: 11808120
A83: 2026-07-22 | B83: FT26203JHNCM | C83: SZY00LMVHL8B | D83: =VLOOKUP(C83,SQL!C83:D180,2,FALSE) -> 886203979707 | E83: 22-JUL-26 | F83: 0 | G83: 500 | H83: 11808620
A84: 2026-07-22 | B84: FT2620389LHP | C84: SZY00LTPDT91 | D84: =VLOOKUP(C84,SQL!C84:D181,2,FALSE) -> 886203757256 | E84: 22-JUL-26 | F84: 0 | G84: 5000 | H84: 11813620
A85: 2026-07-22 | B85: FT26203YJSMK | C85: SZ800LTZZYKH | D85: 886203022357 | E85: 22-JUL-26 | F85: 0 | G85: 15000 | H85: 11828620
A86: 2026-07-22 | B86: FT26203JJGZ0 | C86: SZ900LT2BNED | D86: 886203707817 | E86: 22-JUL-26 | F86: 0 | G86: 500 | H86: 11829120
A87: 2026-07-22 | B87: FT26203J32Y2 | C87: SZP00LF85L78 | D87: 886203446184 | E87: 22-JUL-26 | F87: 0 | G87: 24000 | H87: 11853120
A88: 2026-07-22 | B88: FT262037L9LR | C88: SZ300LK5614L | D88: 886203596701 | E88: 22-JUL-26 | F88: 0 | G88: 30000 | H88: 11883120
A89: 2026-07-22 | B89: FT26203M7YHT | C89: SZP00LLQEARP | D89: 886203726571 | E89: 22-JUL-26 | F89: 0 | G89: 10000 | H89: 11893120
A90: 2026-07-22 | B90: FT26203X5HND | C90: SZX00LKJVCUY | D90: =VLOOKUP(C90,SQL!C90:D187,2,FALSE) -> 886203334986 | E90: 22-JUL-26 | F90: 0 | G90: 15000 | H90: 11908120
A91: 2026-07-22 | B91: FT26203MHWTY | C91: SZC00LLNTDDW | D91: 886203864304 | E91: 22-JUL-26 | F91: 0 | G91: 30000 | H91: 11938120
A92: 2026-07-22 | B92: FT26203FQT6Q | C92: SZU00LMF7NUR | D92: 886203029773 | E92: 22-JUL-26 | F92: 0 | G92: 500 | H92: 11938620
A93: 2026-07-22 | B93: FT262037Y4H0 | C93: SZR00LEC4D5T | D93: 886203992980 | E93: 22-JUL-26 | F93: 0 | G93: 35000 | H93: 11973620
A94: 2026-07-22 | B94: FT26203S0STB | C94: 20144649615 | D94: 886203278414 | E94: 22-JUL-26 | F94: 0 | G94: 10000 | H94: 11983620
A95: 2026-07-22 | B95: FT262039RNQZ | C95: SZH00LJ1AFR0 | D95: 886203142975 | E95: 22-JUL-26 | F95: 0 | G95: 500 | H95: 11984120
A96: 2026-07-22 | B96: FT26203RSSD1 | C96: SZ600LWZB1J3 | D96: 886203589989 | E96: 22-JUL-26 | F96: 0 | G96: 500 | H96: 11984620
A97: 2026-07-22 | B97: FT26203R7ZXF | C97: SZV00LYXTSJD | D97: 886203341841 | E97: 22-JUL-26 | F97: 0 | G97: 3000 | H97: 11987620
A98: 2026-07-22 | B98: FT26203LZ2HZ | C98: SZ800LC7TBPK | D98: 886203788679 | E98: 22-JUL-26 | F98: 0 | G98: 5000 | H98: 11992620
A99: 2026-07-22 | B99: FT26203KVBT5 | C99: 20144643359 | D99: 886203876634 | E99: 22-JUL-26 | F99: 0 | G99: 15000 | H99: 12007620

Sheet SQL
C2: 20144640086 | D2: 886203609120
C3: 20144640172 | D3: 886203178933
C4: 20144640975 | D4: 886203802456
C5: 20144640999 | D5: 886203997095
C6: 20144641068 | D6: 886203215338
C7: 20144643359 | D7: 886203876634
C8: 20144644045 | D8: 886203965800
C9: 20144648712 | D9: 886203689644
C10: 20144649615 | D10: 886203278414
C11: 20144649841 | D11: 886203343724
C12: 20144650027 | D12: 886203812051
C13: SZ000L8UQFZ6 | D13: 886203945175
C14: SZ100LAVE88X | D14: 886203295094
C15: SZ100LUH3DS8 | D15: 886203469316
C16: SZ200LEAQ9AL | D16: 886203539955
C17: SZ300L1FANUX | D17: 886203312097
C18: SZ300LK5614L | D18: 886203596701
C19: SZ300LMNVPVF | D19: 886203482653
C20: SZ300LPEAE5S | D20: 886203484381
C21: SZ400LR0VQJY | D21: 886203681601
C22: SZ400LU3M25B | D22: 886203625893
C23: SZ500LCK3KRV | D23: 886203607169
C24: SZ500LUE9ZDC | D24: 886203888388
... C99: FT26203Z0P3M | D99: 886051822939
