Workbook

Sheet Export Worksheet
A1: BOOKING_DATE | B1: BANK_REFERENCE | C1: DESCRIPTION | D1: INVOICE NUMBERS | E1: VALUE_DATE | F1: DEBIT | G1: CREDIT | H1: CLOSING_BALANCE
A2: 2026-07-08 | B2: FT26189Z9S18 | C2: SZ009TRU1D9F | D2: =_xlfn.XLOOKUP(C2,SQL!D1:D126,SQL!E1:E126) -> 886189871815 | E2: 08-JUL-26 | F2: 0 | G2: 20000 | H2: 1779976
A3: 2026-07-08 | B3: FT26189J1Q2S | C3: 20144481192 | D3: 886189659968 | E3: 08-JUL-26 | F3: 0 | G3: 25000 | H3: 1804976
A4: 2026-07-08 | B4: FT26189K5ZM3 | C4: 20144483066 | D4: 886189963294 | E4: 08-JUL-26 | F4: 0 | G4: 3000 | H4: 1807976
A5: 2026-07-08 | B5: FT26189239M9 | C5: SZ609T8D5UFY | D5: =_xlfn.XLOOKUP(C5,SQL!D4:D129,SQL!E4:E129) -> 886189938482 | E5: 08-JUL-26 | F5: 0 | G5: 9000 | H5: 1816976
A6: 2026-07-08 | B6: FT26189MXT76 | C6: SZR09TYZJDEC | D6: =_xlfn.XLOOKUP(C6,SQL!D5:D130,SQL!E5:E130) -> 886189263215 | E6: 08-JUL-26 | F6: 0 | G6: 18000 | H6: 1834976
A7: 2026-07-08 | B7: FT26189MMK5J | C7: SZG09T82X77B | D7: =_xlfn.XLOOKUP(C7,SQL!D6:D131,SQL!E6:E131) -> 886189488785 | E7: 08-JUL-26 | F7: 0 | G7: 18000 | H7: 1852976
A8: 2026-07-08 | B8: FT26189SC1TX | C8: SZX09T6SZBRC | D8: =_xlfn.XLOOKUP(C8,SQL!D7:D132,SQL!E7:E132) -> 886189729391 | E8: 08-JUL-26 | F8: 0 | G8: 20000 | H8: 1872976
A9: 2026-07-08 | B9: FT26189BY8JY | C9: SZR09T6XXMWK | D9: =_xlfn.XLOOKUP(C9,SQL!D8:D133,SQL!E8:E133) -> 886189558790 | E9: 08-JUL-26 | F9: 0 | G9: 25000 | H9: 1897976
A10: 2026-07-08 | B10: FT261897DHJM | C10: SZB09TUCW3GS | D10: =_xlfn.XLOOKUP(C10,SQL!D9:D134,SQL!E9:E134) -> 886189606302 | E10: 08-JUL-26 | F10: 0 | G10: 15000 | H10: 1912976
A11: 2026-07-08 | B11: FT26189BJR7K | C11: SZR09UAYMQPC | D11: =_xlfn.XLOOKUP(C11,SQL!D10:D135,SQL!E10:E135) -> 886189501484 | E11: 08-JUL-26 | F11: 0 | G11: 3000 | H11: 1915976
A12: 2026-07-08 | B12: FT2618958LDG | C12: SZR09TQZZ560 | D12: =_xlfn.XLOOKUP(C12,SQL!D11:D136,SQL!E11:E136) -> 886189111372 | E12: 08-JUL-26 | F12: 0 | G12: 35000 | H12: 1950976
A13: 2026-07-08 | B13: FT26189Y7BX4 | C13: 20144489608 | D13: 886189023564 | E13: 08-JUL-26 | F13: 0 | G13: 48000 | H13: 1998976
A14: 2026-07-08 | B14: FT26189DMBF5 | C14: 20144481227 | D14: 886189875486 | E14: 08-JUL-26 | F14: 0 | G14: 9000 | H14: 2007976
A15: 2026-07-08 | B15: FT2618955022 | C15: SZB09T8WKD3X | D15: =_xlfn.XLOOKUP(C15,SQL!D14:D139,SQL!E14:E139) -> 886189698534 | E15: 08-JUL-26 | F15: 0 | G15: 20000 | H15: 2027976
A16: 2026-07-08 | B16: FT26189NBWKG | C16: 20144481242 | D16: 886189398153 | E16: 08-JUL-26 | F16: 0 | G16: 15000 | H16: 2042976
A17: 2026-07-08 | B17: FT261898L2B5 | C17: SZK09TQA4N5H | D17: =_xlfn.XLOOKUP(C17,SQL!D16:D141,SQL!E16:E141) -> 886189172474 | E17: 08-JUL-26 | F17: 0 | G17: 10000 | H17: 2052976
A18: 2026-07-08 | B18: FT26189RC667 | C18: 20144481245 | D18: 886189907722 | E18: 08-JUL-26 | F18: 0 | G18: 5000 | H18: 2057976
A19: 2026-07-08 | B19: FT26189VNS24 | C19: 20144485450 | D19: 886189464849 | E19: 08-JUL-26 | F19: 0 | G19: 10000 | H19: 2067976
A20: 2026-07-08 | B20: FT26189X6S37 | C20: 20144481252 | D20: 886189016234 | E20: 08-JUL-26 | F20: 0 | G20: 28000 | H20: 2095976
A21: 2026-07-08 | B21: FT26189SMNKM | C21: SZG09UFCL9G9 | D21: =_xlfn.XLOOKUP(C21,SQL!D20:D145,SQL!E20:E145) -> 886189795475 | E21: 08-JUL-26 | F21: 0 | G21: 2000 | H21: 2097976
A22: 2026-07-08 | B22: FT26189998XD | C22: 20144485529 | D22: 886189221879 | E22: 08-JUL-26 | F22: 0 | G22: 12000 | H22: 2109976
A23: 2026-07-08 | B23: FT26189ZPFFW | C23: SZ809T7SFF19 | D23: =_xlfn.XLOOKUP(C23,SQL!D22:D147,SQL!E22:E147) -> 886189900419 | E23: 08-JUL-26 | F23: 0 | G23: 5000 | H23: 2114976
A24: 2026-07-08 | B24: FT26189KG56V | C24: SZE09TRNUVBC | D24: =_xlfn.XLOOKUP(C24,SQL!D23:D148,SQL!E23:E148) -> 886189941357 | E24: 08-JUL-26 | F24: 0 | G24: 15000 | H24: 2129976
A25: 2026-07-08 | B25: FT261893Y7BT | C25: SZ009UC86YQT | D25: =_xlfn.XLOOKUP(C25,SQL!D24:D149,SQL!E24:E149) -> 886189558922 | E25: 08-JUL-26 | F25: 0 | G25: 9000 | H25: 2138976
A26: 2026-07-08 | B26: FT26189ZQ4PQ | C26: SZZ09TQMD1UC | D26: =_xlfn.XLOOKUP(C26,SQL!D25:D150,SQL!E25:E150) -> 886189297517 | E26: 08-JUL-26 | F26: 0 | G26: 4000 | H26: 2142976
A27: 2026-07-08 | B27: FT26189WBYPR | C27: 20144481256 | D27: 886189560204 | E27: 08-JUL-26 | F27: 0 | G27: 5000 | H27: 2147976
A28: 2026-07-08 | B28: FT2618925WPK | C28: SZ009TQJSYGW | D28: =_xlfn.XLOOKUP(C28,SQL!D27:D152,SQL!E27:E152) -> 886189466403 | E28: 08-JUL-26 | F28: 0 | G28: 25000 | H28: 2172976
A29: 2026-07-08 | B29: FT26189J46N0 | C29: SZM09T7J4R4T | D29: =_xlfn.XLOOKUP(C29,SQL!D28:D153,SQL!E28:E153) -> 886189830740 | E29: 08-JUL-26 | F29: 0 | G29: 20000 | H29: 2192976
A30: 2026-07-08 | B30: FT26189LSBSF | C30: SZQ09UDEZHBV | D30: =_xlfn.XLOOKUP(C30,SQL!D29:D154,SQL!E29:E154) -> 886189672277 | E30: 08-JUL-26 | F30: 0 | G30: 15000 | H30: 2207976
A31: 2026-07-08 | B31: FT261890QBG1 | C31: SZU09T04H2V3 | D31: =_xlfn.XLOOKUP(C31,SQL!D30:D155,SQL!E30:E155) -> 886189843804 | E31: 08-JUL-26 | F31: 0 | G31: 15000 | H31: 2222976
A32: 2026-07-08 | B32: FT26189S2H37 | C32: SZ809T9F6109 | D32: =_xlfn.XLOOKUP(C32,SQL!D31:D156,SQL!E31:E156) -> 886189382005 | E32: 08-JUL-26 | F32: 0 | G32: 18000 | H32: 2240976
A33: 2026-07-08 | B33: FT2618907HG5 | C33: SZ409TQR7SRA | D33: =_xlfn.XLOOKUP(C33,SQL!D32:D157,SQL!E32:E157) -> 886189797084 | E33: 08-JUL-26 | F33: 0 | G33: 30000 | H33: 2270976
A34: 2026-07-08 | B34: FT26189DKTB1 | C34: SZF09TQS3ALX | D34: =_xlfn.XLOOKUP(C34,SQL!D33:D158,SQL!E33:E158) -> 886189097864 | E34: 08-JUL-26 | F34: 0 | G34: 50000 | H34: 2320976
A35: 2026-07-08 | B35: FT26189Q9853 | C35: SZ109TZXQWCZ | D35: =_xlfn.XLOOKUP(C35,SQL!D34:D159,SQL!E34:E159) -> 886189246594 | E35: 08-JUL-26 | F35: 0 | G35: 500 | H35: 2321476
A36: 2026-07-08 | B36: FT26189K5VX5 | C36: SZW09T9LLMNY | D36: =_xlfn.XLOOKUP(C36,SQL!D35:D160,SQL!E35:E160) -> 886189703968 | E36: 08-JUL-26 | F36: 0 | G36: 3000 | H36: 2324476
A37: 2026-07-08 | B37: FT26189B5K5P | C37: SZR09UC13WPP | D37: =_xlfn.XLOOKUP(C37,SQL!D36:D161,SQL!E36:E161) -> 886189789764 | E37: 08-JUL-26 | F37: 0 | G37: 9000 | H37: 2333476
A38: 2026-07-08 | B38: FT26189FF9X6 | C38: SZB09T8LVNRV | D38: =_xlfn.XLOOKUP(C38,SQL!D37:D162,SQL!E37:E162) -> 886189147664 | E38: 08-JUL-26 | F38: 0 | G38: 6000 | H38: 2339476
A39: 2026-07-08 | B39: FT26189TVGNG | C39: SZ309TQL90KR | D39: =_xlfn.XLOOKUP(C39,SQL!D38:D163,SQL!E38:E163) -> 886189608684 | E39: 08-JUL-26 | F39: 0 | G39: 6000 | H39: 2345476
A40: 2026-07-08 | B40: FT26189BVL0S | C40: SZ209TQ6W833 | D40: 886188931458 | E40: 08-JUL-26 | F40: 0 | G40: 150000 | H40: 2495476
A41: 2026-07-08 | B41: FT26189T1VXF | C41: SZ409UAE95NT | D41: =_xlfn.XLOOKUP(C41,SQL!D40:D165,SQL!E40:E165) -> 886189311412 | E41: 08-JUL-26 | F41: 0 | G41: 20000 | H41: 2515476
A42: 2026-07-08 | B42: FT26189X90ZK | C42: SZ809UAQHWR1 | D42: =_xlfn.XLOOKUP(C42,SQL!D41:D166,SQL!E41:E166) -> 886189911081 | E42: 08-JUL-26 | F42: 0 | G42: 10000 | H42: 2525476
A43: 2026-07-08 | B43: FT26189PHTST | C43: SZ009T8Q9ZU1 | D43: 886189261368 | E43: 08-JUL-26 | F43: 0 | G43: 15000 | H43: 2540476
A44: 2026-07-08 | B44: FT26189BSBG1 | C44: SZY09T01PXTZ | D44: =_xlfn.XLOOKUP(C44,SQL!D43:D168,SQL!E43:E168) -> 886189332418 | E44: 08-JUL-26 | F44: 0 | G44: 10000 | H44: 2550476
A45: 2026-07-08 | B45: FT26189MHS0M | C45: SZA09T2BRDBL | D45: =_xlfn.XLOOKUP(C45,SQL!D44:D169,SQL!E44:E169) -> 886189030518 | E45: 08-JUL-26 | F45: 0 | G45: 9000 | H45: 2559476
A46: 2026-07-08 | B46: FT26189Y6K9Z | C46: SZK09UG91LSM | D46: =_xlfn.XLOOKUP(C46,SQL!D45:D170,SQL!E45:E170) -> 886189838894 | E46: 08-JUL-26 | F46: 0 | G46: 10000 | H46: 2569476
A47: 2026-07-08 | B47: FT26189GJWR9 | C47: 20144482632 | D47: 886189732410 | E47: 08-JUL-26 | F47: 0 | G47: 20000 | H47: 2589476
A48: 2026-07-08 | B48: FT26189G1B5X | C48: SZ709TSQDQP6 | D48: =_xlfn.XLOOKUP(C48,SQL!D47:D172,SQL!E47:E172) -> 886189958192 | E48: 08-JUL-26 | F48: 0 | G48: 500 | H48: 2589976
A49: 2026-07-08 | B49: FT26189B9DC7 | C49: 20144481232 | D49: 886189807097 | E49: 08-JUL-26 | F49: 0 | G49: 30000 | H49: 2619976
A50: 2026-07-08 | B50: FT26189PVFN4 | C50: 20144481251 | D50: 886189137190 | E50: 08-JUL-26 | F50: 0 | G50: 35000 | H50: 2654976
A51: 2026-07-08 | B51: FT2618939NS4 | C51: SZ409T9QG3YA | D51: 886189535161 | E51: 08-JUL-26 | F51: 0 | G51: 12000 | H51: 2666976
A52: 2026-07-08 | B52: FT26189SH33V | C52: SZB09TW5KBA7 | D52: =_xlfn.XLOOKUP(C52,SQL!D51:D176,SQL!E51:E176) -> 886189309846 | E52: 08-JUL-26 | F52: 0 | G52: 7000 | H52: 2673976
A53: 2026-07-08 | B53: FT26189KCJM5 | C53: SZP09TMLEWRL | D53: =_xlfn.XLOOKUP(C53,SQL!D52:D177,SQL!E52:E177) -> 886189812573 | E53: 08-JUL-26 | F53: 0 | G53: 20000 | H53: 2693976
A54: 2026-07-08 | B54: FT26189XCXSV | C54: SZD09TX5KXE3 | D54: =_xlfn.XLOOKUP(C54,SQL!D53:D178,SQL!E53:E178) -> 886188931706 | E54: 08-JUL-26 | F54: 0 | G54: 20000 | H54: 2713976
A55: 2026-07-08 | B55: FT26189F25Z1 | C55: SZ109UBMPLB8 | D55: 886189357610 | E55: 08-JUL-26 | F55: 0 | G55: 3000 | H55: 2716976
A56: 2026-07-08 | B56: FT26189RSNYF | C56: SZU09T7B9CV4 | D56: =_xlfn.XLOOKUP(C56,SQL!D55:D180,SQL!E55:E180) -> 886189420470 | E56: 08-JUL-26 | F56: 0 | G56: 8000 | H56: 2724976
A57: 2026-07-08 | B57: FT261894BM34 | C57: SZK09T1JUGKT | D57: =_xlfn.XLOOKUP(C57,SQL!D56:D181,SQL!E56:E181) -> 886189301951 | E57: 08-JUL-26 | F57: 0 | G57: 5000 | H57: 2729976
A58: 2026-07-08 | B58: FT26189H4BTX | C58: 20144482948 | D58: 886189469832 | E58: 08-JUL-26 | F58: 0 | G58: 11000 | H58: 2740976
A59: 2026-07-08 | B59: FT261895ZL37 | C59: SZA09T2T6BPR | D59: 886189062657 | E59: 08-JUL-26 | F59: 0 | G59: 15000 | H59: 2755976
A60: 2026-07-08 | B60: FT26189M7ZD7 | C60: SZL09T5NU8HB | D60: =_xlfn.XLOOKUP(C60,SQL!D59:D184,SQL!E59:E184) -> 886189843874 | E60: 08-JUL-26 | F60: 0 | G60: 500 | H60: 2756476
A61: 2026-07-08 | B61: FT26189LS7WW | C61: SZK09UGBUE6G | D61: =_xlfn.XLOOKUP(C61,SQL!D60:D185,SQL!E60:E185) -> 886189063176 | E61: 08-JUL-26 | F61: 0 | G61: 40000 | H61: 2796476
A62: 2026-07-08 | B62: FT26189C2MJM | C62: SZA09TQCQ0KU | D62: 886189358662 | E62: 08-JUL-26 | F62: 0 | G62: 20000 | H62: 2816476
A63: 2026-07-08 | B63: FT26189KKMT2 | C63: SZE09T30XYKB | D63: =_xlfn.XLOOKUP(C63,SQL!D62:D187,SQL!E62:E187) -> 886189172225 | E63: 08-JUL-26 | F63: 0 | G63: 10000 | H63: 2826476
A64: 2026-07-08 | B64: FT26189LXQ6K | C64: SZH09TQ7MU7C | D64: =_xlfn.XLOOKUP(C64,SQL!D63:D188,SQL!E63:E188) -> 886189728432 | E64: 08-JUL-26 | F64: 0 | G64: 20000 | H64: 2846476
A65: 2026-07-08 | B65: FT261897LZQP | C65: SZN09T8G5T5W | D65: =_xlfn.XLOOKUP(C65,SQL!D64:D189,SQL!E64:E189) -> 886189999806 | E65: 08-JUL-26 | F65: 0 | G65: 9000 | H65: 2855476
A66: 2026-07-08 | B66: FT2618979SCQ | C66: 20144486806 | D66: 886189552489 | E66: 08-JUL-26 | F66: 0 | G66: 10000 | H66: 2865476
A67: 2026-07-08 | B67: FT261898FV24 | C67: SZQ09TX19LXQ | D67: =_xlfn.XLOOKUP(C67,SQL!D66:D191,SQL!E66:E191) -> 886189443643 | E67: 08-JUL-26 | F67: 0 | G67: 9000 | H67: 2874476
A68: 2026-07-08 | B68: FT2618962VQ9 | C68: SZH09T758AZ3 | D68: =_xlfn.XLOOKUP(C68,SQL!D67:D192,SQL!E67:E192) -> 886189020547 | E68: 08-JUL-26 | F68: 0 | G68: 15000 | H68: 2889476
A69: 2026-07-08 | B69: FT26189M5JJ6 | C69: SZ309TQFKNDN | D69: 886189128656 | E69: 08-JUL-26 | F69: 0 | G69: 24000 | H69: 2913476
A70: 2026-07-08 | B70: FT26189RPWMS | C70: SZW09T2LF4XY | D70: =_xlfn.XLOOKUP(C70,SQL!D69:D194,SQL!E69:E194) -> 886189673639 | E70: 08-JUL-26 | F70: 0 | G70: 20000 | H70: 2933476
A71: 2026-07-08 | B71: FT26189NN67V | C71: 20144471688 | D71: 886188279841 | E71: 08-JUL-26 | F71: 0 | G71: 15378 | H71: 2948854
A72: 2026-07-08 | B72: FT26189BXR6T | C72: SZY09UBFF880 | D72: =_xlfn.XLOOKUP(C72,SQL!D71:D196,SQL!E71:E196) -> 886189137452 | E72: 08-JUL-26 | F72: 0 | G72: 5000 | H72: 2953854
A73: 2026-07-08 | B73: FT261892ZXSN | C73: SZM09T7ZNXJM | D73: =_xlfn.XLOOKUP(C73,SQL!D72:D197,SQL!E72:E197) -> 886189113700 | E73: 08-JUL-26 | F73: 0 | G73: 3000 | H73: 2956854
A74: 2026-07-08 | B74: FT261895B0F3 | C74: SZX09TMTHYUQ | D74: =_xlfn.XLOOKUP(C74,SQL!D73:D198,SQL!E73:E198) -> 886189808677 | E74: 08-JUL-26 | F74: 0 | G74: 45000 | H74: 3001854
A75: 2026-07-08 | B75: FT26189FM69L | C75: SZ009TT9PXEN | D75: 886189275172 | E75: 08-JUL-26 | F75: 0 | G75: 12000 | H75: 3013854
A76: 2026-07-08 | B76: FT26189H8QVZ | C76: SZL09TYH5F09 | D76: =_xlfn.XLOOKUP(C76,SQL!D75:D200,SQL!E75:E200) -> 886189749053 | E76: 08-JUL-26 | F76: 0 | G76: 48000 | H76: 3061854
A77: 2026-07-08 | B77: FT26189P7DDZ | C77: SZR09TYSMVKU | D77: =_xlfn.XLOOKUP(C77,SQL!D76:D201,SQL!E76:E201) -> 886189505794 | E77: 08-JUL-26 | F77: 0 | G77: 25000 | H77: 3086854
A78: 2026-07-08 | B78: FT261891XW4W | C78: SZX09T659HV7 | D78: =_xlfn.XLOOKUP(C78,SQL!D77:D202,SQL!E77:E202) -> 876189034190 | E78: 08-JUL-26 | F78: 0 | G78: 45500 | H78: 3132354
A79: 2026-07-08 | B79: FT26189J8JJJ | C79: 20144481241 | D79: 886189190660 | E79: 08-JUL-26 | F79: 0 | G79: 16000 | H79: 3148354
A80: 2026-07-08 | B80: FT26189GF4RD | C80: 20144481228 | D80: 886189367476 | E80: 08-JUL-26 | F80: 0 | G80: 12000 | H80: 3160354
A81: 2026-07-08 | B81: FT26189QV6LR | C81: SZZ09T7EKZ16 | D81: =_xlfn.XLOOKUP(C81,SQL!D80:D205,SQL!E80:E205) -> 886189440045 | E81: 08-JUL-26 | F81: 0 | G81: 20000 | H81: 3180354
A82: 2026-07-08 | B82: FT261894TLTN | C82: 20144488904 | D82: 886189575887 | E82: 08-JUL-26 | F82: 0 | G82: 15000 | H82: 3195354
A83: 2026-07-08 | B83: FT26189P3BB7 | C83: SZF09UCYKKA7 | D83: 886189969983 | E83: 08-JUL-26 | F83: 0 | G83: 12000 | H83: 3207354
A84: 2026-07-08 | B84: FT26189H35ZL | C84: 20144481254 | D84: 886189201268 | E84: 08-JUL-26 | F84: 0 | G84: 8000 | H84: 3215354
A85: 2026-07-08 | B85: FT261897BRRF | C85: SZW09T00GTPU | D85: =_xlfn.XLOOKUP(C85,SQL!D84:D209,SQL!E84:E209) -> 886189502528 | E85: 08-JUL-26 | F85: 0 | G85: 24000 | H85: 1381378
A86: 2026-07-08 | B86: FT26189JPT2Y | C86: SZ109UCVV2ZG | D86: 886189369954 | E86: 08-JUL-26 | F86: 0 | G86: 6000 | H86: 1387378
A87: 2026-07-08 | B87: FT261890YF1P | C87: 20144489616 | D87: 886189245740 | E87: 08-JUL-26 | F87: 0 | G87: 35000 | H87: 1422378
A88: 2026-07-08 | B88: FT26189GQKZ5 | C88: SZD09T78U1B5 | D88: 886189236197 | E88: 08-JUL-26 | F88: 0 | G88: 25000 | H88: 1447378
A89: 2026-07-08 | B89: FT26189PBQ17 | C89: SZQ09T9CMT5G | D89: =_xlfn.XLOOKUP(C89,SQL!D88:D213,SQL!E88:E213) -> 886189786170 | E89: 08-JUL-26 | F89: 0 | G89: 5000 | H89: 1452378
A90: 2026-07-08 | B90: FT261896F5XF | C90: SZM09TU5FA4H | D90: =_xlfn.XLOOKUP(C90,SQL!D89:D214,SQL!E89:E214) -> 886189327694 | E90: 08-JUL-26 | F90: 0 | G90: 500 | H90: 1452878
A91: 2026-07-08 | B91: FT26189WYP8R | C91: SZJ09TG60XJN | D91: 886189923459 | E91: 08-JUL-26 | F91: 0 | G91: 35000 | H91: 1487878
A92: 2026-07-08 | B92: FT26189VKQZG | C92: 20144488481 | D92: 876189575659 | E92: 08-JUL-26 | F92: 0 | G92: 54940 | H92: 1542818
A93: 2026-07-08 | B93: FT26189H7MB5 | C93: SZV09T7BG8CQ | D93: =_xlfn.XLOOKUP(C93,SQL!D92:D217,SQL!E92:E217) -> 886189530036 | E93: 08-JUL-26 | F93: 0 | G93: 8000 | H93: 1550818
A94: 2026-07-08 | B94: FT26189L68BY | C94: SZH09TVYJ6B7 | D94: 886189667278 | E94: 08-JUL-26 | F94: 0 | G94: 12000 | H94: 1562818
A95: 2026-07-08 | B95: FT26189F17DT | C95: SZF09T89A789 | D95: 886189227837 | E95: 08-JUL-26 | F95: 0 | G95: 10000 | H95: 1572818
A96: 2026-07-08 | B96: FT26189H9G6B | C96: SZJ09TZTGY1C | D96: 886189134998 | E96: 08-JUL-26 | F96: 0 | G96: 8000 | H96: 1580818
A97: 2026-07-08 | B97: FT26189791MD | C97: SZ309UA0M42L | D97: 886189591978 | E97: 08-JUL-26 | F97: 0 | G97: 5000 | H97: 1585818
A98: 2026-07-08 | B98: FT26189JFSBZ | C98: SZD09TPYA0P1 | D98: 886189734607 | E98: 08-JUL-26 | F98: 0 | G98: 9000 | H98: 1594818
A99: 2026-07-08 | B99: FT26189R1ZXQ | C99: SZ309TRF04R6 | D99: 886189561594 | E99: 08-JUL-26 | F99: 0 | G99: 20000 | H99: 1614818
A100: 2026-07-08 | B100: FT26189NC8VF | C100: SZ809T02N9TY | D100: 886189882070 | E100: 08-JUL-26 | F100: 0 | G100: 15000 | H100: 1629818
...

Sheet SQL
D1: 20144471688 | E1: 886188279841
D2: 20144481192 | E2: 886189659968
D3: 20144481210 | E3: 886189434771
D4: 20144481227 | E4: 886189875486
D5: 20144481228 | E5: 886189367476
D6: 20144481232 | E6: 886189807097
D7: 20144481241 | E7: 886189190660
D8: 20144481242 | E8: 886189398153
D9: 20144481245 | E9: 886189907722
D10: 20144481251 | E10: 886189137190
D11: 20144481252 | E11: 886189016234
D12: 20144481254 | E12: 886189201268
... D28: 20144489687 | E28: 886189400355
D29: SZ009T8Q9ZU1 | E29: 886189261368
D30: SZ009TQJSYGW | E30: 886189466403
D31: SZ009TRU1D9F | E31: 886189871815
D32: SZ009TT9PXEN | E32: 886189275172
D33: SZ009UC86YQT | E33: 886189558922
D34: SZ109TZXQWCZ | E34: 886189246594
D35: SZ109UBMPLB8 | E35: 886189357610
D36: SZ109UCVV2ZG | E36: 886189369954
D37: SZ209TQ6W833 | E37: 886188931458
D38: SZ309TQFKNDN | E38: 886189128656
D39: SZ309TQL90KR | E39: 886189608684
D40: SZ309TRF04R6 | E40: 886189561594
... D126: SZZ09TR6JJ1N | E126: 886189326874
