Workbook

Sheet Export Worksheet
A1: BOOKING_DATE | B1: BANK_REFERENCE | C1: DESCRIPTION | D1: DOC ID | E1: VALUE_DATE | F1: DEBIT | G1: CREDIT | H1: CLOSING_BALANCE
A2: 2026-09-14 | C2: Opening balance | F2: 0 | G2: 0 | H2: 3018416
A3: 2026-09-15 | B3: FT26258NTT5P | C3: SZABACPMXQXC | D3: =_xlfn.XLOOKUP(C3,Sheet1!A:A,Sheet1!B:B) -> 886258030190 | E3: 2026-09-15 18:28:00 | F3: 0 | G3: 15000 | H3: 3033416
A4: 2026-09-15 | B4: FT26258CG4VG | C4: SZABACPLVTKN | D4: =_xlfn.XLOOKUP(C4,Sheet1!A:A,Sheet1!B:B) -> 886258387834 | E4: 2026-09-15 18:05:00 | F4: 0 | G4: 1000 | H4: 3034416
A5: 2026-09-15 | B5: FT26258KGZSX | C5: SZABACPM3162 | D5: =_xlfn.XLOOKUP(C5,Sheet1!A:A,Sheet1!B:B) -> 886258908214 | E5: 2026-09-15 18:32:00 | F5: 0 | G5: 1000 | H5: 3035416
A6: 2026-09-15 | B6: FT26258QNZ8K | C6: SZABACN2TCF9 | D6: =_xlfn.XLOOKUP(C6,Sheet1!A:A,Sheet1!B:B) -> 886258689743 | E6: 2026-09-15 11:00:00 | F6: 0 | G6: 500 | H6: 3035916
A7: 2026-09-15 | B7: FT26258QX6Z1 | C7: 20145557704 | D7: =_xlfn.XLOOKUP(C7,Sheet1!A:A,Sheet1!B:B) -> 876258662300 | E7: 2026-09-15 16:26:00 | F7: 0 | G7: 253500 | H7: 3289416
A8: 2026-09-15 | B8: FT262586R1FX | C8: 20145557729 | D8: =_xlfn.XLOOKUP(C8,Sheet1!A:A,Sheet1!B:B) -> 876258637809 | E8: 2026-09-15 16:28:00 | F8: 0 | G8: 25000 | H8: 3314416
A9: 2026-09-15 | B9: FT26258YJZ9K | C9: 20145554356 | D9: =_xlfn.XLOOKUP(C9,Sheet1!A:A,Sheet1!B:B) -> 876258050845 | E9: 2026-09-15 13:14:00 | F9: 0 | G9: 193000 | H9: 3507416
A10: 2026-09-15 | B10: FT262589FY7Y | C10: SZABACN2W2XJ | D10: =_xlfn.XLOOKUP(C10,Sheet1!A:A,Sheet1!B:B) -> 886258309053 | E10: 2026-09-15 11:02:00 | F10: 0 | G10: 6000 | H10: 3513416
A11: 2026-09-15 | B11: FT26258XVJ97 | C11: SZABACN08EVV | D11: =_xlfn.XLOOKUP(C11,Sheet1!A:A,Sheet1!B:B) -> 886258218870 | E11: 2026-09-15 14:07:00 | F11: 0 | G11: 5000 | H11: 3518416
A12: 2026-09-15 | B12: FT2625855JS5 | C12: 20145554381 | D12: =_xlfn.XLOOKUP(C12,Sheet1!A:A,Sheet1!B:B) -> 876258541732 | E12: 2026-09-15 13:15:00 | F12: 0 | G12: 200500 | H12: 3718916
A13: 2026-09-15 | B13: FT26258WJTF3 | C13: 20145557795 | D13: =_xlfn.XLOOKUP(C13,Sheet1!A:A,Sheet1!B:B) -> 876258746661 | E13: 2026-09-15 16:31:00 | F13: 0 | G13: 260000 | H13: 3978916
A14: 2026-09-15 | B14: FT26258YXB03 | C14: SZABACN1L6Y5 | D14: =_xlfn.XLOOKUP(C14,Sheet1!A:A,Sheet1!B:B) -> 886258979044 | E14: 2026-09-15 10:34:00 | F14: 0 | G14: 1000 | H14: 3979916
A15: 2026-09-15 | B15: FT2625808NF5 | C15: SZABACPN47ML | D15: =_xlfn.XLOOKUP(C15,Sheet1!A:A,Sheet1!B:B) -> 886258419891 | E15: 2026-09-15 18:55:00 | F15: 0 | G15: 1000 | H15: 3980916
A16: 2026-09-15 | B16: FT262581HFQF | C16: 20145558152 | D16: =_xlfn.XLOOKUP(C16,Sheet1!A:A,Sheet1!B:B) -> 876258206686 | E16: 2026-09-15 16:48:00 | F16: 0 | G16: 155000 | H16: 4135916
A17: 2026-09-15 | B17: FT262581KP35 | C17: SZABACPR5ZVS | D17: =_xlfn.XLOOKUP(C17,Sheet1!A:A,Sheet1!B:B) -> 886258769498 | E17: 2026-09-15 20:02:00 | F17: 0 | G17: 32500 | H17: 4168416
A18: 2026-09-15 | B18: FT26258BV1S6 | C18: SZABACN5PRLV | D18: =_xlfn.XLOOKUP(C18,Sheet1!A:A,Sheet1!B:B) -> 886258458835 | E18: 2026-09-15 12:04:00 | F18: 0 | G18: 500 | H18: 4168916
A19: 2026-09-15 | B19: FT26258TBMRG | C19: SZABACNZQW0M | D19: =_xlfn.XLOOKUP(C19,Sheet1!A:A,Sheet1!B:B) -> 886258459821 | E19: 2026-09-15 10:14:00 | F19: 0 | G19: 15000 | H19: 4183916
A20: 2026-09-15 | B20: FT26258JQRMZ | C20: 20145557818 | D20: =_xlfn.XLOOKUP(C20,Sheet1!A:A,Sheet1!B:B) -> 876258376984 | E20: 2026-09-15 16:32:00 | F20: 0 | G20: 130000 | H20: 4313916
A21: 2026-09-15 | B21: FT26258V7V3X | C21: 20145557688 | D21: =_xlfn.XLOOKUP(C21,Sheet1!A:A,Sheet1!B:B) -> 876258230458 | E21: 2026-09-15 16:25:00 | F21: 0 | G21: 208000 | H21: 4521916
A22: 2026-09-15 | B22: FT26258XVMFC | C22: 20145554541 | D22: =_xlfn.XLOOKUP(C22,Sheet1!A:A,Sheet1!B:B) -> 886258102608 | E22: 2026-09-15 13:24:00 | F22: 0 | G22: 50000 | H22: 4571916
A23: 2026-09-15 | B23: FT26258K3ZSM | C23: SZABACNYT7LK | D23: =_xlfn.XLOOKUP(C23,Sheet1!A:A,Sheet1!B:B) -> 886258523687 | E23: 2026-09-15 09:54:00 | F23: 0 | G23: 5000 | H23: 4576916
A24: 2026-09-15 | B24: FT26258J46X8 | C24: 20145558208 | D24: =_xlfn.XLOOKUP(C24,Sheet1!A:A,Sheet1!B:B) -> 876258994100 | E24: 2026-09-15 16:51:00 | F24: 0 | G24: 105000 | H24: 4681916
A25: 2026-09-15 | B25: FT26258MTMSB | C25: SZABACPMV4T3 | D25: =_xlfn.XLOOKUP(C25,Sheet1!A:A,Sheet1!B:B) -> 886258009729 | E25: 2026-09-15 18:27:00 | F25: 0 | G25: 1000 | H25: 4682916
A26: 2026-09-15 | B26: FT26258N7JS5 | C26: 20145558544 | D26: =_xlfn.XLOOKUP(C26,Sheet1!A:A,Sheet1!B:B) -> 886258574259 | E26: 2026-09-15 17:08:00 | F26: 0 | G26: 17000 | H26: 4699916
A27: 2026-09-15 | B27: FT262587YCXW | C27: 20145558101 | D27: =_xlfn.XLOOKUP(C27,Sheet1!A:A,Sheet1!B:B) -> 876258811829 | E27: 2026-09-15 16:46:00 | F27: 0 | G27: 272500 | H27: 4972416
A28: 2026-09-15 | B28: FT26258ZM7WC | C28: SZABACPNWTMG | D28: =_xlfn.XLOOKUP(C28,Sheet1!A:A,Sheet1!B:B) -> 886258830902 | E28: 2026-09-15 18:50:00 | F28: 0 | G28: 1000 | H28: 4973416
A29: 2026-09-15 | B29: FT262580M3FF | C29: SZABACN59G99 | D29: =_xlfn.XLOOKUP(C29,Sheet1!A:A,Sheet1!B:B) -> 886258129379 | E29: 2026-09-15 12:17:00 | F29: 0 | G29: 35000 | H29: 5008416
A30: 2026-09-15 | B30: FT26258BQ5DQ | C30: SZABACPLRQ99 | D30: =_xlfn.XLOOKUP(C30,Sheet1!A:A,Sheet1!B:B) -> 886258577260 | E30: 2026-09-15 18:02:00 | F30: 0 | G30: 1000 | H30: 5009416
A31: 2026-09-15 | B31: FT262585SPJR | C31: SZABACPJ7V0S | D31: =_xlfn.XLOOKUP(C31,Sheet1!A:A,Sheet1!B:B) -> 886258006565 | E31: 2026-09-15 17:27:00 | F31: 0 | G31: 8000 | H31: 5017416
A32: 2026-09-15 | B32: FT2625824BKK | C32: SZABACN3V42T | D32: =_xlfn.XLOOKUP(C32,Sheet1!A:A,Sheet1!B:B) -> 886258988603 | E32: 2026-09-15 11:24:00 | F32: 0 | G32: 3000 | H32: 5020416
A33: 2026-09-15 | B33: FT26258QW6NW | C33: 20145554568 | D33: =_xlfn.XLOOKUP(C33,Sheet1!A:A,Sheet1!B:B) -> 886258668470 | E33: 2026-09-15 13:25:00 | F33: 0 | G33: 51578 | H33: 5071994
A34: 2026-09-15 | B34: FT26258TP5X8 | C34: SZABACN7EPQW | D34: =_xlfn.XLOOKUP(C34,Sheet1!A:A,Sheet1!B:B) -> 886258829105 | E34: 2026-09-15 12:43:00 | F34: 0 | G34: 10000 | H34: 5081994
A35: 2026-09-15 | B35: FT262585RSGX | C35: 20145558167 | D35: =_xlfn.XLOOKUP(C35,Sheet1!A:A,Sheet1!B:B) -> 876258195073 | E35: 2026-09-15 16:50:00 | F35: 0 | G35: 245500 | H35: 5327494
A36: 2026-09-15 | B36: FT262580B004 | C36: SZABACNVJ0DR | D36: =_xlfn.XLOOKUP(C36,Sheet1!A:A,Sheet1!B:B) -> 886258173602 | E36: 2026-09-15 08:41:00 | F36: 0 | G36: 12000 | H36: 5339494
A37: 2026-09-15 | B37: FT26258MM51Y | C37: SZABACN9A9JV | D37: =_xlfn.XLOOKUP(C37,Sheet1!A:A,Sheet1!B:B) -> 886258177825 | E37: 2026-09-15 13:25:00 | F37: 0 | G37: 1000 | H37: 5340494

Sheet Sheet1
A1: 20145554356 | B1: 876258050845
A2: 20145554381 | B2: 876258541732
A3: 20145554541 | B3: 886258102608
A4: 20145554568 | B4: 886258668470
A5: 20145557688 | B5: 876258230458
A6: 20145557704 | B6: 876258662300
A7: 20145557729 | B7: 876258637809
A8: 20145557795 | B8: 876258746661
A9: 20145557818 | B9: 876258376984
A10: 20145558101 | B10: 876258811829
A11: 20145558152 | B11: 876258206686
A12: 20145558167 | B12: 876258195073
... A14: 20145558544 | B14: 886258574259
A15: SZABACN08EVV | B15: 886258218870
A16: SZABACN1L6Y5 | B16: 886258979044
A17: SZABACN2TCF9 | B17: 886258689743
A18: SZABACN2W2XJ | B18: 886258309053
A19: SZABACN3V42T | B19: 886258988603
A20: SZABACN59G99 | B20: 886258129379
A21: SZABACN5PRLV | B21: 886258458835
A22: SZABACN7EPQW | B22: 886258829105
A23: SZABACN9A9JV | B23: 886258177825
A24: SZABACNVJ0DR | B24: 886258173602
A25: SZABACNYT7LK | B25: 886258523687
A26: SZABACNZQW0M | B26: 886258459821
... A35: SZABACPR5ZVS | B35: 886258769498

Sheet SQL
A2: select to_CHAR(business_date,'YYYY-MM-DD') as booking_date,bank_reference,description, date_time as VALUE_DATE, money_out debit, money_in credit, closing_balance from BNR.ACCOUNT_STATEMENT_BALANCE ORDER BY record_id asc
