Workbook

Sheet Export Worksheet
A1: BOOKING_DATE | B1: BANK_REFERENCE | C1: DESCRIPTION | D1: INVOICES | E1: VALUE_DATE | F1: DEBIT | G1: CREDIT | H1: CLOSING_BALANCE
A2: 2026-07-21 | B2: FT26202G054T | C2: SZ600JWU4C27 | D2: =VLOOKUP(C2,SQL!$B$2:$C$68,2,FALSE) -> 876202472971 | E2: 21-JUL-26 | F2: 0 | G2: 10000 | H2: 1171600
A3: 2026-07-21 | B3: FT26202BW66D | C3: SZ100J3UT3X8 | D3: =VLOOKUP(C3,SQL!$B$2:$C$68,2,FALSE) -> 886202887583 | E3: 21-JUL-26 | F3: 0 | G3: 10000 | H3: 1181600
A4: 2026-07-21 | B4: FT26202SKKJD | C4: SZW00JMYKL84 | D4: =VLOOKUP(C4,SQL!$B$2:$C$68,2,FALSE) -> 886202847345 | E4: 21-JUL-26 | F4: 0 | G4: 30000 | H4: 1211600
A5: 2026-07-21 | B5: FT262025YGL3 | C5: SZP00JNMCC8D | D5: =VLOOKUP(C5,SQL!$B$2:$C$68,2,FALSE) -> 886202891250 | E5: 21-JUL-26 | F5: 0 | G5: 30000 | H5: 1241600
A6: 2026-07-21 | B6: FT26202B2CN4 | C6: SZ200JWDBDKS | D6: =VLOOKUP(C6,SQL!$B$2:$C$68,2,FALSE) -> 886202784198 | E6: 21-JUL-26 | F6: 0 | G6: 500 | H6: 82500
A7: 2026-07-21 | B7: FT26202MRF8T | C7: SZF00JX21LLA | D7: =VLOOKUP(C7,SQL!$B$2:$C$68,2,FALSE) -> 886202297361 | E7: 21-JUL-26 | F7: 0 | G7: 10000 | H7: 92500
A8: 2026-07-21 | B8: FT26202P6KSP | C8: SZE00JMKFBNJ | D8: =VLOOKUP(C8,SQL!$B$2:$C$68,2,FALSE) -> 886202122200 | E8: 21-JUL-26 | F8: 0 | G8: 500 | H8: 93000
A9: 2026-07-21 | B9: FT26202QHPBR | C9: SZM00JJCF1KV | D9: =VLOOKUP(C9,SQL!$B$2:$C$68,2,FALSE) -> 886202452791 | E9: 21-JUL-26 | F9: 0 | G9: 3000 | H9: 96000
A10: 2026-07-21 | B10: FT26202PC9JN | C10: SZT00JJV8UDJ | D10: =VLOOKUP(C10,SQL!$B$2:$C$68,2,FALSE) -> 886202021556 | E10: 21-JUL-26 | F10: 0 | G10: 500 | H10: 96500
A11: 2026-07-21 | B11: FT26202R717S | C11: SZK00JS0BJA6 | D11: =VLOOKUP(C11,SQL!$B$2:$C$68,2,FALSE) -> 886202853997 | E11: 21-JUL-26 | F11: 0 | G11: 500 | H11: 97000
A12: 2026-07-21 | B12: FT2620250YB9 | C12: SZ600JNTS076 | D12: =VLOOKUP(C12,SQL!$B$2:$C$68,2,FALSE) -> 886202532897 | E12: 21-JUL-26 | F12: 0 | G12: 500 | H12: 97500
A13: 2026-07-21 | B13: FT26202YSV96 | C13: SZ800JRMYS7H | D13: =VLOOKUP(C13,SQL!$B$2:$C$68,2,FALSE) -> 886202171558 | E13: 21-JUL-26 | F13: 0 | G13: 25000 | H13: 122500
... A45: 2026-07-21 | B45: FT262024ZHH5 | C45: SZ000JTFHLKV | D45: =VLOOKUP(C45,SQL!$B$2:$C$68,2,FALSE) -> 886202451834 | E45: 21-JUL-26 | F45: 0 | G45: 25000 | H45: 399500
A46: 2026-07-21 | B46: FT26202395K5 | C46: 20144628603 | D46: 886202664986 | E46: 21-JUL-26 | F46: 0 | G46: 3000 | H46: 402500
A47: 2026-07-21 | B47: FT26202D39YX | C47: SZS00JWGF04W | D47: =VLOOKUP(C47,SQL!$B$2:$C$68,2,FALSE) -> 886202515395 | E47: 21-JUL-26 | F47: 0 | G47: 500 | H47: 403000
A48: 2026-07-21 | B48: FT26202VZC11 | C48: SZD00JK3R89L | D48: =VLOOKUP(C48,SQL!$B$2:$C$68,2,FALSE) -> 886202595285 | E48: 21-JUL-26 | F48: 0 | G48: 500 | H48: 403500
A49: 2026-07-21 | B49: FT262025RZC8 | C49: SZ900JWKKBW6 | D49: =VLOOKUP(C49,SQL!$B$2:$C$68,2,FALSE) -> 876202718999 | E49: 21-JUL-26 | F49: 0 | G49: 20000 | H49: 423500
A50: 2026-07-21 | B50: FT26202NRK2G | C50: SZP00JXG8W5K | D50: =VLOOKUP(C50,SQL!$B$2:$C$68,2,FALSE) -> 886202366105 | E50: 21-JUL-26 | F50: 0 | G50: 25000 | H50: 448500
A51: 2026-07-21 | B51: FT262025G8DT | C51: SZV00JXU9640 | D51: =VLOOKUP(C51,SQL!$B$2:$C$68,2,FALSE) -> 886202083121 | E51: 21-JUL-26 | F51: 0 | G51: 500 | H51: 449000
A52: 2026-07-21 | B52: FT26202YRKRB | C52: SZU00JXYM7DB | D52: =VLOOKUP(C52,SQL!$B$2:$C$68,2,FALSE) -> 886202871952 | E52: 21-JUL-26 | F52: 0 | G52: 500 | H52: 449500
A53: 2026-07-21 | B53: FT262027XVCF | C53: SZU00JTGBUAC | D53: =VLOOKUP(C53,SQL!$B$2:$C$68,2,FALSE) -> 886202787619 | E53: 21-JUL-26 | F53: 0 | G53: 500 | H53: 450000
A54: 2026-07-21 | B54: FT262028L1ZS | C54: SZB00JKKSK02 | D54: =VLOOKUP(C54,SQL!$B$2:$C$68,2,FALSE) -> 886202658967 | E54: 21-JUL-26 | F54: 0 | G54: 500 | H54: 450500
A55: 2026-07-21 | B55: FT26202XCWDQ | D55: 886201388968 | E55: 21-JUL-26 | F55: 0 | G55: 60000 | H55: 510500
A56: 2026-07-21 | B56: FT26202B5LN2 | C56: SZG00JTJ4EXM | D56: =VLOOKUP(C56,SQL!$B$2:$C$68,2,FALSE) -> 886202909775 | E56: 21-JUL-26 | F56: 0 | G56: 500 | H56: 511000
A57: 2026-07-21 | B57: FT26202JVPVZ | C57: SZY00JEMMLQ2 | D57: =VLOOKUP(C57,SQL!$B$2:$C$68,2,FALSE) -> 886202728211 | E57: 21-JUL-26 | F57: 0 | G57: 8000 | H57: 519000
A58: 2026-07-21 | B58: FT26202W89PH | C58: SZC00JJDNMYA | D58: =VLOOKUP(C58,SQL!$B$2:$C$68,2,FALSE) -> 886202593924 | E58: 21-JUL-26 | F58: 0 | G58: 3000 | H58: 522000
A59: 2026-07-21 | B59: FT26202Z8T9M | C59: SZU00JW219MV | D59: =VLOOKUP(C59,SQL!$B$2:$C$68,2,FALSE) -> 886202850602 | E59: 21-JUL-26 | F59: 0 | G59: 15000 | H59: 537000

Sheet SQL
B2: 20144628603 | C2: 886202664986
B3: SZ000JDNX8GA | C3: 886202200709
B4: SZ000JECR9JF | C4: 886202322701
B5: SZ000JTFHLKV | C5: 886202451834
B6: SZ000JWEQA31 | C6: 886202702004
B7: SZ000JWP79TK | C7: 876202475458
B8: SZ000KDANJNC | C8: 876202587071
B9: SZ100J3UT3X8 | C9: 886202887583
B10: SZ200JWDBDKS | C10: 886202784198
B11: SZ200JX2X6T5 | C11: 886202296920
B12: 20144628603 | C12: 886202664986
B13: SZ000JDNX8GA | C13: 886202200709
B14: SZ000JECR9JF | C14: 886202322701
B15: SZ000JTFHLKV | C15: 886202451834
B16: SZ000JWEQA31 | C16: 886202702004
B17: SZ000JWP79TK | C17: 876202475458
B18: SZ000KDANJNC | C18: 876202587071
B19: SZ100J3UT3X8 | C19: 886202887583
B20: SZ200JWDBDKS | C20: 886202784198
B21: SZ200JX2X6T5 | C21: 886202296920
B22: SZ300JTC66NS | C22: 886202443040
B23: SZ300JXTH5PF | C23: 886202186356
B24: SZ400JNHDX56 | C24: 886202552128
... B68: SZY00JEMMLQ2 | C68: 886202728211
